"DESCRIPTION","DURATION IN MS","NAME","PARENT SUITE","START TIME","STATUS","STOP TIME","SUB SUITE","SUITE","TEST CLASS","TEST METHOD"
"","219","Verify accordion widget is displayed correctly on Document page","Desktop (en)","2026-09-29","skipped","2026-09-29","Document tests","Parametrized/CreateAndEditDocumentTest.spec.ts","",""
"","0","Verify if search validation message displays correctly","Desktop (uk)","2026-09-29","skipped","2026-09-29","Search tests","Parametrized/VerifySearchTest.spec.ts","",""
"","8136","Verify user is able to switch between Highlighted news","Desktop (en)","2026-09-29","failed","2026-09-29","News tests","Parametrized/CreateAndEditNewsTest.spec.ts","",""
"","13177","Verify if Explain Articles page opened after clicking on All Explain button","Mobile (en)","2026-09-29","failed","2026-09-29","Explain Article tests","Parametrized/CreateAndEditExplainArticleTest.spec.ts","",""
"","2448","Verify Highlighted news are visible on the page","Desktop (en)","2026-09-29","failed","2026-09-29","News tests","Parametrized/CreateAndEditNewsTest.spec.ts","",""
"","15231","Verify Innovative Project is created and visible on the page","Desktop (uk)","2026-09-29","failed","2026-09-29","InnovativeProject tests","Parametrized/CreateAndEditInnovativeProjectTest.spec.ts","",""
"","2398","Verify titles correctness based on tags selected","Desktop (uk)","2026-09-29","failed","2026-09-29","Document tests","Parametrized/CreateAndEditDocumentTest.spec.ts","",""
"","3","Verify Media Links not present after deleting entry","Desktop (en)","2026-09-29","skipped","2026-09-29","MediaLinks tests","Parametrized/VerifyAndEditMediaLinksTest.spec.ts","",""
"","0","Verify tags are created and assigned to News","Mobile (en)","2026-09-29","skipped","2026-09-29","","Parametrized/CreateAndEditTagTest.spec.ts","",""
"","14025","Verify Innovative Project is created and visible on the page","Mobile (en)","2026-09-29","failed","2026-09-29","InnovativeProject tests","Parametrized/CreateAndEditInnovativeProjectTest.spec.ts","",""
"","541","Verify Losses -> More Details button configurations","Desktop (en)","2026-09-29","skipped","2026-09-29","Losses tests","Parametrized/VerifyLossesTest.spec.ts","",""
"","12671","Verify if search results sorted by DESC","Mobile (en)","2026-09-29","failed","2026-09-29","Search tests","Parametrized/VerifySearchTest.spec.ts","",""
"","0","Verify if Button widget is displayed correctly","Mobile (uk)","2026-09-29","skipped","2026-09-29","Explain Article tests","Parametrized/CreateAndEditExplainArticleTest.spec.ts","",""
"","0","Verify tags created and assigned to document","Mobile (en)","2026-09-29","skipped","2026-09-29","Document tests","Parametrized/CreateAndEditDocumentTest.spec.ts","",""
"","12713","Verify document page is displayed correctly","Mobile (uk)","2026-09-29","failed","2026-09-29","Document tests","Parametrized/CreateAndEditDocumentTest.spec.ts","",""
"","13484","Verify Losses data has 5 points and More details button clickable","Mobile (uk)","2026-09-29","failed","2026-09-29","Losses tests","Parametrized/VerifyLossesTest.spec.ts","",""
"","1853","Verify Losses -> More Details button configurations","Desktop (uk)","2026-09-29","failed","2026-09-29","Losses tests","Parametrized/VerifyLossesTest.spec.ts","",""
"","12937","Verify Phone widget is displayed correctly on Document page","Mobile (uk)","2026-09-29","failed","2026-09-29","Document tests","Parametrized/CreateAndEditDocumentTest.spec.ts","",""
"","12749","Verify Footer items work on the page","Mobile (en)","2026-09-29","failed","2026-09-29","Footer tests","Parametrized/VerifyFooterTest.spec.ts","",""
"","2666","Verify Social Media widget is displayed correctly on Document page","Desktop (uk)","2026-09-29","failed","2026-09-29","Document tests","Parametrized/CreateAndEditDocumentTest.spec.ts","",""
"","13638","Verify if documents are sorted by acceptance date","Mobile (uk)","2026-09-29","failed","2026-09-29","Document tests","Parametrized/CreateAndEditDocumentTest.spec.ts","",""
"","0","Verify All news page","Mobile (uk)","2026-09-29","skipped","2026-09-29","News tests","Parametrized/CreateAndEditNewsTest.spec.ts","",""
"","0","Verify titles correctness based on tags selected for Explain articles page","Mobile (uk)","2026-09-29","skipped","2026-09-29","Explain Article tests","Parametrized/CreateAndEditExplainArticleTest.spec.ts","",""
"","0","Verify if Explain Articles Detail page correctly opened after clicking on Tile","Mobile (uk)","2026-09-29","skipped","2026-09-29","Explain Article tests","Parametrized/CreateAndEditExplainArticleTest.spec.ts","",""
"","1709","Verify Losses data has 5 points and More details button clickable","Desktop (uk)","2026-09-29","failed","2026-09-29","Losses tests","Parametrized/VerifyLossesTest.spec.ts","",""
"","719","Verify social media links in Footer and Header","Desktop (en)","2026-09-29","failed","2026-09-29","Social media tests","Parametrized/VerifySocialMediaTest.spec.ts","",""
"","13050","Verify Quick Links are visible on the page","Mobile (en)","2026-09-29","failed","2026-09-29","QuickLinks tests","Parametrized/VerifyAndEditQuickLinksTest.spec.ts","",""
"","55596","Verify tags are created and assigned to explain article","Desktop (en)","2026-09-29","failed","2026-09-29","","Parametrized/CreateAndEditTagTest.spec.ts","",""
"","13543","Verify user is able to switch between Highlighted news","Mobile (en)","2026-09-29","failed","2026-09-29","News tests","Parametrized/CreateAndEditNewsTest.spec.ts","",""
"","13482","Edit Recent News and verify changes are present on Main page","Mobile (en)","2026-09-29","failed","2026-09-29","News tests","Parametrized/CreateAndEditNewsTest.spec.ts","",""
"","0","Verify if Other Articles widget is displayed correctly","Desktop (en)","2026-09-29","skipped","2026-09-29","Explain Article tests","Parametrized/CreateAndEditExplainArticleTest.spec.ts","",""
"","2632","Verify Employees are created and present on appropriate page","Mobile (en)","2026-09-29","failed","2026-09-29","Employee tests","Parametrized/CreateAndEditLeadershipTest.spec.ts","",""
"","12796","Verify if only 3 Explain Articles displayed on Main Page","Mobile (en)","2026-09-29","failed","2026-09-29","Explain Article tests","Parametrized/CreateAndEditExplainArticleTest.spec.ts","",""
"","4171","Verify tags are created and assigned to explain article","Mobile (uk)","2026-09-29","failed","2026-09-29","","Parametrized/CreateAndEditTagTest.spec.ts","",""
"","12649","Verify if Explain Articles Detail page correctly opened after clicking on Tile","Mobile (en)","2026-09-29","failed","2026-09-29","Explain Article tests","Parametrized/CreateAndEditExplainArticleTest.spec.ts","",""
"","0","Verify if Explain Articles with highlight true displays on Main Page","Desktop (uk)","2026-09-29","skipped","2026-09-29","Explain Article tests","Parametrized/CreateAndEditExplainArticleTest.spec.ts","",""
"","0","Verify if search validation message displays correctly","Mobile (uk)","2026-09-29","skipped","2026-09-29","Search tests","Parametrized/VerifySearchTest.spec.ts","",""
"","4275","Verify Search bar displayed correctly","Mobile (uk)","2026-09-29","failed","2026-09-29","Search tests","Parametrized/VerifySearchTest.spec.ts","",""
"","13043","Verify titles correctness based on tags selected","Mobile (en)","2026-09-29","failed","2026-09-29","News tests","Parametrized/CreateAndEditNewsTest.spec.ts","",""
"","3438","Verify Card widget is displayed correctly on Document page","Desktop (uk)","2026-09-29","failed","2026-09-29","Document tests","Parametrized/CreateAndEditDocumentTest.spec.ts","",""
"","1","Verify if Explain Articles page opened after clicking on All Explain button","Desktop (uk)","2026-09-29","skipped","2026-09-29","Explain Article tests","Parametrized/CreateAndEditExplainArticleTest.spec.ts","",""
"","14054","Verify titles correctness based on tags selected for Explain articles page","Mobile (en)","2026-09-29","failed","2026-09-29","Explain Article tests","Parametrized/CreateAndEditExplainArticleTest.spec.ts","",""
"","0","Edit Services and verify changes are present on Services page","Desktop (uk)","2026-09-29","skipped","2026-09-29","Services tests","Parametrized/CreateAndEditServicesTests.spec.ts","",""
"","1600","Edit Quick Link data and verify it`s visible on the page","Desktop (en)","2026-09-29","failed","2026-09-29","QuickLinks tests","Parametrized/VerifyAndEditQuickLinksTest.spec.ts","",""
"","12729","Verify Quick Links are visible on the page","Mobile (uk)","2026-09-29","failed","2026-09-29","QuickLinks tests","Parametrized/VerifyAndEditQuickLinksTest.spec.ts","",""
"","1490","Verify if search validation message displays correctly","Desktop (en)","2026-09-29","failed","2026-09-29","Search tests","Parametrized/VerifySearchTest.spec.ts","",""
"","1317","Verify all existing and newly created Service`s categories and items are visible on Main page","Desktop (en)","2026-09-29","failed","2026-09-29","Services tests","Parametrized/CreateAndEditServicesTests.spec.ts","",""
"","0","Verify titles correctness based on tags selected","Desktop (uk)","2026-09-29","skipped","2026-09-29","News tests","Parametrized/CreateAndEditNewsTest.spec.ts","",""
"","0","Verify search by Title and Description","Desktop (uk)","2026-09-29","skipped","2026-09-29","Search tests","Parametrized/VerifySearchTest.spec.ts","",""
"","631","Verify social media links in Footer and Header","Mobile (uk)","2026-09-29","failed","2026-09-29","Social media tests","Parametrized/VerifySocialMediaTest.spec.ts","",""
"","14458","Edit Innovative Project and verify new data is visible on the page","Mobile (uk)","2026-09-29","failed","2026-09-29","InnovativeProject tests","Parametrized/CreateAndEditInnovativeProjectTest.spec.ts","",""
"","1667","Verify Losses data is visible on the page","Desktop (en)","2026-09-29","failed","2026-09-29","Losses tests","Parametrized/VerifyLossesTest.spec.ts","",""
"","14174","Edit Innovative Project and verify new data is visible on the page","Mobile (en)","2026-09-29","failed","2026-09-29","InnovativeProject tests","Parametrized/CreateAndEditInnovativeProjectTest.spec.ts","",""
"","423","Verify Social Media widget is displayed correctly on Document page","Mobile (en)","2026-09-29","skipped","2026-09-29","Document tests","Parametrized/CreateAndEditDocumentTest.spec.ts","",""
"","13591","Verify Social Media widget is displayed correctly on Document page","Mobile (uk)","2026-09-29","failed","2026-09-29","Document tests","Parametrized/CreateAndEditDocumentTest.spec.ts","",""
"","1","Verify if only 3 Explain Articles displayed on Main Page","Mobile (uk)","2026-09-29","failed","2026-09-29","Explain Article tests","Parametrized/CreateAndEditExplainArticleTest.spec.ts","",""
"","417","Verify Phone widget is displayed correctly on Document page","Mobile (en)","2026-09-29","skipped","2026-09-29","Document tests","Parametrized/CreateAndEditDocumentTest.spec.ts","",""
"","0","Add new Media Links and verify they are working on the page","Mobile (uk)","2026-09-29","skipped","2026-09-29","MediaLinks tests","Parametrized/VerifyAndEditMediaLinksTest.spec.ts","",""
"","1521","Verify Search bar displayed correctly","Desktop (en)","2026-09-29","failed","2026-09-29","Search tests","Parametrized/VerifySearchTest.spec.ts","",""
"","0","Verify if Explain Articles Detail page correctly opened after clicking on Tile","Desktop (uk)","2026-09-29","skipped","2026-09-29","Explain Article tests","Parametrized/CreateAndEditExplainArticleTest.spec.ts","",""
"","1578","Verify Footer items work on the page","Desktop (en)","2026-09-29","failed","2026-09-29","Footer tests","Parametrized/VerifyFooterTest.spec.ts","",""
"","1","Verify if Explain Articles page displays all articles","Mobile (uk)","2026-09-29","skipped","2026-09-29","Explain Article tests","Parametrized/CreateAndEditExplainArticleTest.spec.ts","",""
"","0","Verify filtering works based on tags selected","Desktop (en)","2026-09-29","skipped","2026-09-29","News tests","Parametrized/CreateAndEditNewsTest.spec.ts","",""
"","1709","Edit Losses data and verify new data is visible on the page","Desktop (uk)","2026-09-29","failed","2026-09-29","Losses tests","Parametrized/VerifyLossesTest.spec.ts","",""
"","189","Verify Social Media widget is displayed correctly on Document page","Desktop (en)","2026-09-29","skipped","2026-09-29","Document tests","Parametrized/CreateAndEditDocumentTest.spec.ts","",""
"","12730","Verify search by Title and Description","Mobile (en)","2026-09-29","failed","2026-09-29","Search tests","Parametrized/VerifySearchTest.spec.ts","",""
"","0","Verify All news page","Desktop (uk)","2026-09-29","skipped","2026-09-29","News tests","Parametrized/CreateAndEditNewsTest.spec.ts","",""
"","12770","Verify if search validation message displays correctly","Mobile (en)","2026-09-29","failed","2026-09-29","Search tests","Parametrized/VerifySearchTest.spec.ts","",""
"","0","Verify Recent news are visible on the Main page","Desktop (uk)","2026-09-29","skipped","2026-09-29","News tests","Parametrized/CreateAndEditNewsTest.spec.ts","",""
"","419","Verify Phone widget is displayed correctly on Explain Article page","Desktop (en)","2026-09-29","skipped","2026-09-29","Explain Article tests","Parametrized/CreateAndEditExplainArticleTest.spec.ts","",""
"","0","Verify Recent news are visible on the Main page","Mobile (uk)","2026-09-29","skipped","2026-09-29","News tests","Parametrized/CreateAndEditNewsTest.spec.ts","",""
"","12954","Edit Quick Link data and verify it`s visible on the page","Mobile (uk)","2026-09-29","failed","2026-09-29","QuickLinks tests","Parametrized/VerifyAndEditQuickLinksTest.spec.ts","",""
"","0","Edit Recent News and verify changes are present on Main page","Desktop (uk)","2026-09-29","skipped","2026-09-29","News tests","Parametrized/CreateAndEditNewsTest.spec.ts","",""
"","1875","Verify if Explain Articles page opened after clicking on All Explain button","Desktop (en)","2026-09-29","failed","2026-09-29","Explain Article tests","Parametrized/CreateAndEditExplainArticleTest.spec.ts","",""
"","219","Verify Phone widget is displayed correctly on Document page","Desktop (en)","2026-09-29","skipped","2026-09-29","Document tests","Parametrized/CreateAndEditDocumentTest.spec.ts","",""
"","13734","Verify titles correctness based on tags selected","Mobile (uk)","2026-09-29","failed","2026-09-29","Document tests","Parametrized/CreateAndEditDocumentTest.spec.ts","",""
"","18474","Verify Innovative Project is created and visible on the page","Mobile (uk)","2026-09-29","failed","2026-09-29","InnovativeProject tests","Parametrized/CreateAndEditInnovativeProjectTest.spec.ts","",""
"","1671","Verify Losses data has 5 points and More details button clickable","Desktop (en)","2026-09-29","failed","2026-09-29","Losses tests","Parametrized/VerifyLossesTest.spec.ts","",""
"","436","Verify if documents are sorted by acceptance date","Mobile (en)","2026-09-29","skipped","2026-09-29","Document tests","Parametrized/CreateAndEditDocumentTest.spec.ts","",""
"","3330","Verify Phone widget is displayed correctly on Document page","Desktop (uk)","2026-09-29","failed","2026-09-29","Document tests","Parametrized/CreateAndEditDocumentTest.spec.ts","",""
"","3434","Edit Innovative Project and verify new data is visible on the page","Desktop (uk)","2026-09-29","failed","2026-09-29","InnovativeProject tests","Parametrized/CreateAndEditInnovativeProjectTest.spec.ts","",""
"","1556","Edit Quick Link data and verify it`s visible on the page","Desktop (uk)","2026-09-29","failed","2026-09-29","QuickLinks tests","Parametrized/VerifyAndEditQuickLinksTest.spec.ts","",""
"","1361","Verify if Button widget is displayed correctly","Desktop (en)","2026-09-29","failed","2026-09-29","Explain Article tests","Parametrized/CreateAndEditExplainArticleTest.spec.ts","",""
"","5","Add new Media Links and verify they are working on the page","Desktop (uk)","2026-09-29","skipped","2026-09-29","MediaLinks tests","Parametrized/VerifyAndEditMediaLinksTest.spec.ts","",""
"","13796","Verify All news page","Mobile (en)","2026-09-29","failed","2026-09-29","News tests","Parametrized/CreateAndEditNewsTest.spec.ts","",""
"","13112","Verify if Explain Articles page displays all articles","Mobile (en)","2026-09-29","failed","2026-09-29","Explain Article tests","Parametrized/CreateAndEditExplainArticleTest.spec.ts","",""
"","0","Verify filtering works based on tags selected","Desktop (uk)","2026-09-29","skipped","2026-09-29","News tests","Parametrized/CreateAndEditNewsTest.spec.ts","",""
"","2864","Verify if Explain Articles Detail page correctly opened after clicking on Tile","Desktop (en)","2026-09-29","failed","2026-09-29","Explain Article tests","Parametrized/CreateAndEditExplainArticleTest.spec.ts","",""
"","0","Edit Services and verify changes are present on Services page","Desktop (en)","2026-09-29","skipped","2026-09-29","Services tests","Parametrized/CreateAndEditServicesTests.spec.ts","",""
"","3823","Verify if documents are sorted by acceptance date","Desktop (uk)","2026-09-29","failed","2026-09-29","Document tests","Parametrized/CreateAndEditDocumentTest.spec.ts","",""
"","1373","Verify if Child Article works correctly","Desktop (en)","2026-09-29","failed","2026-09-29","Article tests","Parametrized/CreateAndEditArticleTest.spec.ts","",""
"","13639","Verify Card widget is displayed correctly on Document page","Mobile (uk)","2026-09-29","failed","2026-09-29","Document tests","Parametrized/CreateAndEditDocumentTest.spec.ts","",""
"","0","Edit Recent News and verify changes are present on Main page","Mobile (uk)","2026-09-29","skipped","2026-09-29","News tests","Parametrized/CreateAndEditNewsTest.spec.ts","",""
"","12785","Verify Recent news are visible on the Main page","Mobile (en)","2026-09-29","failed","2026-09-29","News tests","Parametrized/CreateAndEditNewsTest.spec.ts","",""
"","1328","Verify if only 3 Explain Articles displayed on Main Page","Desktop (en)","2026-09-29","failed","2026-09-29","Explain Article tests","Parametrized/CreateAndEditExplainArticleTest.spec.ts","",""
"","0","Verify tags are created and assigned to News","Mobile (uk)","2026-09-29","skipped","2026-09-29","","Parametrized/CreateAndEditTagTest.spec.ts","",""
"","14073","Verify document search work correctness","Mobile (uk)","2026-09-29","failed","2026-09-29","Document tests","Parametrized/CreateAndEditDocumentTest.spec.ts","",""
"","663","Verify Phone widget is displayed correctly on Explain Article page","Mobile (en)","2026-09-29","skipped","2026-09-29","Explain Article tests","Parametrized/CreateAndEditExplainArticleTest.spec.ts","",""
"","13133","Edit Losses data and verify new data is visible on the page","Mobile (en)","2026-09-29","failed","2026-09-29","Losses tests","Parametrized/VerifyLossesTest.spec.ts","",""
"","0","Verify Leadership is present and reflects updates after changes","Desktop (uk)","2026-09-29","skipped","2026-09-29","Employee tests","Parametrized/CreateAndEditLeadershipTest.spec.ts","",""
"","12765","Edit Quick Link data and verify it`s visible on the page","Mobile (en)","2026-09-29","failed","2026-09-29","QuickLinks tests","Parametrized/VerifyAndEditQuickLinksTest.spec.ts","",""
"","12724","Verify Footer items work on the page","Mobile (uk)","2026-09-29","failed","2026-09-29","Footer tests","Parametrized/VerifyFooterTest.spec.ts","",""
"","185","Verify Card widget is displayed correctly on Document page","Desktop (en)","2026-09-29","skipped","2026-09-29","Document tests","Parametrized/CreateAndEditDocumentTest.spec.ts","",""
"","0","Verify Media Links not present after deleting entry","Mobile (en)","2026-09-29","skipped","2026-09-29","MediaLinks tests","Parametrized/VerifyAndEditMediaLinksTest.spec.ts","",""
"","2918","Verify document search work correctness","Desktop (uk)","2026-09-29","failed","2026-09-29","Document tests","Parametrized/CreateAndEditDocumentTest.spec.ts","",""
"","0","Verify Phone widget is displayed correctly on Explain Article page","Mobile (uk)","2026-09-29","skipped","2026-09-29","Explain Article tests","Parametrized/CreateAndEditExplainArticleTest.spec.ts","",""
"","0","Verify Leadership is present and reflects updates after changes","Mobile (uk)","2026-09-29","skipped","2026-09-29","Employee tests","Parametrized/CreateAndEditLeadershipTest.spec.ts","",""
"","0","Edit Employee and verify new data is visible on the page","Mobile (uk)","2026-09-29","skipped","2026-09-29","Employee tests","Parametrized/CreateAndEditLeadershipTest.spec.ts","",""
"","0","Verify search by Title and Description","Mobile (uk)","2026-09-29","skipped","2026-09-29","Search tests","Parametrized/VerifySearchTest.spec.ts","",""
"","0","Verify tags are created and assigned to News","Desktop (en)","2026-09-29","skipped","2026-09-29","","Parametrized/CreateAndEditTagTest.spec.ts","",""
"","0","Verify if Explain Articles page opened after clicking on All Explain button","Mobile (uk)","2026-09-29","skipped","2026-09-29","Explain Article tests","Parametrized/CreateAndEditExplainArticleTest.spec.ts","",""
"","9061","Verify Employees are created and present on appropriate page","Desktop (en)","2026-09-29","failed","2026-09-29","Employee tests","Parametrized/CreateAndEditLeadershipTest.spec.ts","",""
"","0","Verify if Email widget is displayed correctly on Explain Articles Page","Desktop (uk)","2026-09-29","skipped","2026-09-29","Explain Article tests","Parametrized/CreateAndEditExplainArticleTest.spec.ts","",""
"","2","Verify tags created and assigned to document","Mobile (uk)","2026-09-29","skipped","2026-09-29","Document tests","Parametrized/CreateAndEditDocumentTest.spec.ts","",""
"","1946","Verify if Child Article works correctly","Desktop (uk)","2026-09-29","failed","2026-09-29","Article tests","Parametrized/CreateAndEditArticleTest.spec.ts","",""
"","13274","Verify Losses data has 5 points and More details button clickable","Mobile (en)","2026-09-29","failed","2026-09-29","Losses tests","Parametrized/VerifyLossesTest.spec.ts","",""
"","1558","Verify Email widget is displayed correctly on Document page","Desktop (uk)","2026-09-29","failed","2026-09-29","Document tests","Parametrized/CreateAndEditDocumentTest.spec.ts","",""
"","0","Edit Services and verify changes are present on Services page","Mobile (en)","2026-09-29","skipped","2026-09-29","Services tests","Parametrized/CreateAndEditServicesTests.spec.ts","",""
"","0","Edit Employee and verify new data is visible on the page","Desktop (en)","2026-09-29","skipped","2026-09-29","Employee tests","Parametrized/CreateAndEditLeadershipTest.spec.ts","",""
"","1485","Verify if search results sorted by DESC","Desktop (en)","2026-09-29","failed","2026-09-29","Search tests","Parametrized/VerifySearchTest.spec.ts","",""
"","211","Verify Email widget is displayed correctly on Document page","Desktop (en)","2026-09-29","skipped","2026-09-29","Document tests","Parametrized/CreateAndEditDocumentTest.spec.ts","",""
"","13612","Verify accordion widget is displayed correctly on Document page","Mobile (uk)","2026-09-29","failed","2026-09-29","Document tests","Parametrized/CreateAndEditDocumentTest.spec.ts","",""
"","1797","Verify document page is displayed correctly","Desktop (uk)","2026-09-29","failed","2026-09-29","Document tests","Parametrized/CreateAndEditDocumentTest.spec.ts","",""
"","58145","Verify tags are created and assigned to explain article","Mobile (en)","2026-09-29","failed","2026-09-29","","Parametrized/CreateAndEditTagTest.spec.ts","",""
"","0","Verify titles correctness based on tags selected for Explain articles page","Desktop (uk)","2026-09-29","skipped","2026-09-29","Explain Article tests","Parametrized/CreateAndEditExplainArticleTest.spec.ts","",""
"","0","Verify user is able to switch between Highlighted news","Mobile (uk)","2026-09-29","skipped","2026-09-29","News tests","Parametrized/CreateAndEditNewsTest.spec.ts","",""
"","1569","Verify titles correctness based on tags selected for Explain articles page","Desktop (en)","2026-09-29","failed","2026-09-29","Explain Article tests","Parametrized/CreateAndEditExplainArticleTest.spec.ts","",""
"","0","Verify if Other Articles widget is displayed correctly","Mobile (uk)","2026-09-29","skipped","2026-09-29","Explain Article tests","Parametrized/CreateAndEditExplainArticleTest.spec.ts","",""
"","593","Verify Media Links are present and reflect updates after changes","Desktop (en)","2026-09-29","failed","2026-09-29","MediaLinks tests","Parametrized/VerifyAndEditMediaLinksTest.spec.ts","",""
"","1649","Edit Losses data and verify new data is visible on the page","Desktop (en)","2026-09-29","failed","2026-09-29","Losses tests","Parametrized/VerifyLossesTest.spec.ts","",""
"","2283","Verify accordion widget is displayed correctly on Document page","Desktop (uk)","2026-09-29","failed","2026-09-29","Document tests","Parametrized/CreateAndEditDocumentTest.spec.ts","",""
"","0","Verify if Button widget is displayed correctly","Desktop (uk)","2026-09-29","skipped","2026-09-29","Explain Article tests","Parametrized/CreateAndEditExplainArticleTest.spec.ts","",""
"","12838","Verify Search bar displayed correctly","Mobile (en)","2026-09-29","failed","2026-09-29","Search tests","Parametrized/VerifySearchTest.spec.ts","",""
"","9791","Verify Employees are created and present on appropriate page","Desktop (uk)","2026-09-29","failed","2026-09-29","Employee tests","Parametrized/CreateAndEditLeadershipTest.spec.ts","",""
"","0","Verify if Email widget is displayed correctly on Explain Articles Page","Mobile (uk)","2026-09-29","skipped","2026-09-29","Explain Article tests","Parametrized/CreateAndEditExplainArticleTest.spec.ts","",""
"","0","Add new Media Links and verify they are working on the page","Mobile (en)","2026-09-29","skipped","2026-09-29","MediaLinks tests","Parametrized/VerifyAndEditMediaLinksTest.spec.ts","",""
"","9506","Verify filtering works based on tags selected","Mobile (en)","2026-09-29","failed","2026-09-29","News tests","Parametrized/CreateAndEditNewsTest.spec.ts","",""
"","1","Edit Employee and verify new data is visible on the page","Mobile (en)","2026-09-29","skipped","2026-09-29","Employee tests","Parametrized/CreateAndEditLeadershipTest.spec.ts","",""
"","664","Verify Losses -> More Details button configurations","Mobile (en)","2026-09-29","skipped","2026-09-29","Losses tests","Parametrized/VerifyLossesTest.spec.ts","",""
"","13169","Verify if Explain Articles with highlight true displays on Main Page","Mobile (en)","2026-09-29","failed","2026-09-29","Explain Article tests","Parametrized/CreateAndEditExplainArticleTest.spec.ts","",""
"","13216","Verify Losses data is visible on the page","Mobile (uk)","2026-09-29","failed","2026-09-29","Losses tests","Parametrized/VerifyLossesTest.spec.ts","",""
"","0","Verify filtering works based on tags selected","Mobile (uk)","2026-09-29","skipped","2026-09-29","News tests","Parametrized/CreateAndEditNewsTest.spec.ts","",""
"","1","Verify Media Links not present after deleting entry","Mobile (uk)","2026-09-29","skipped","2026-09-29","MediaLinks tests","Parametrized/VerifyAndEditMediaLinksTest.spec.ts","",""
"","1778","Verify Quick Links are visible on the page","Desktop (en)","2026-09-29","failed","2026-09-29","QuickLinks tests","Parametrized/VerifyAndEditQuickLinksTest.spec.ts","",""
"","0","Verify Phone widget is displayed correctly on Explain Article page","Desktop (uk)","2026-09-29","skipped","2026-09-29","Explain Article tests","Parametrized/CreateAndEditExplainArticleTest.spec.ts","",""
"","6314","Verify Highlighted news are visible on the page","Desktop (uk)","2026-09-29","failed","2026-09-29","News tests","Parametrized/CreateAndEditNewsTest.spec.ts","",""
"","1959","Verify if Explain Articles with highlight true displays on Main Page","Desktop (en)","2026-09-29","failed","2026-09-29","Explain Article tests","Parametrized/CreateAndEditExplainArticleTest.spec.ts","",""
"","0","Verify if Explain Articles with highlight true displays on Main Page","Mobile (uk)","2026-09-29","skipped","2026-09-29","Explain Article tests","Parametrized/CreateAndEditExplainArticleTest.spec.ts","",""
"","0","Verify Leadership is present and reflects updates after changes","Mobile (en)","2026-09-29","skipped","2026-09-29","Employee tests","Parametrized/CreateAndEditLeadershipTest.spec.ts","",""
"","0","Verify if Other Articles widget is displayed correctly","Desktop (uk)","2026-09-29","skipped","2026-09-29","Explain Article tests","Parametrized/CreateAndEditExplainArticleTest.spec.ts","",""
"","0","Edit Services and verify changes are present on Services page","Mobile (uk)","2026-09-29","skipped","2026-09-29","Services tests","Parametrized/CreateAndEditServicesTests.spec.ts","",""
"","0","Verify Recent news are visible on the Main page","Desktop (en)","2026-09-29","skipped","2026-09-29","News tests","Parametrized/CreateAndEditNewsTest.spec.ts","",""
"","0","Add new Media Links and verify they are working on the page","Desktop (en)","2026-09-29","skipped","2026-09-29","MediaLinks tests","Parametrized/VerifyAndEditMediaLinksTest.spec.ts","",""
"","789","Verify Media Links are present and reflect updates after changes","Mobile (uk)","2026-09-29","failed","2026-09-29","MediaLinks tests","Parametrized/VerifyAndEditMediaLinksTest.spec.ts","",""
"","0","Verify tags created and assigned to document","Desktop (uk)","2026-09-29","skipped","2026-09-29","Document tests","Parametrized/CreateAndEditDocumentTest.spec.ts","",""
"","601","Verify Media Links are present and reflect updates after changes","Mobile (en)","2026-09-29","failed","2026-09-29","MediaLinks tests","Parametrized/VerifyAndEditMediaLinksTest.spec.ts","",""
"","2986","Verify if Explain Articles page displays all articles","Desktop (en)","2026-09-29","failed","2026-09-29","Explain Article tests","Parametrized/CreateAndEditExplainArticleTest.spec.ts","",""
"","2777","Edit Innovative Project and verify new data is visible on the page","Desktop (en)","2026-09-29","failed","2026-09-29","InnovativeProject tests","Parametrized/CreateAndEditInnovativeProjectTest.spec.ts","",""
"","0","Verify titles correctness based on tags selected","Mobile (uk)","2026-09-29","skipped","2026-09-29","News tests","Parametrized/CreateAndEditNewsTest.spec.ts","",""
"","0","Edit Employee and verify new data is visible on the page","Desktop (uk)","2026-09-29","skipped","2026-09-29","Employee tests","Parametrized/CreateAndEditLeadershipTest.spec.ts","",""
"","416","Verify titles correctness based on tags selected","Mobile (en)","2026-09-29","skipped","2026-09-29","Document tests","Parametrized/CreateAndEditDocumentTest.spec.ts","",""
"","4287","Verify tags are created and assigned to explain article","Desktop (uk)","2026-09-29","failed","2026-09-29","","Parametrized/CreateAndEditTagTest.spec.ts","",""
"","0","Edit Recent News and verify changes are present on Main page","Desktop (en)","2026-09-29","skipped","2026-09-29","News tests","Parametrized/CreateAndEditNewsTest.spec.ts","",""
"","2262","Verify Quick Links are visible on the page","Desktop (uk)","2026-09-29","failed","2026-09-29","QuickLinks tests","Parametrized/VerifyAndEditQuickLinksTest.spec.ts","",""
"","196","Verify document search work correctness","Desktop (en)","2026-09-29","skipped","2026-09-29","Document tests","Parametrized/CreateAndEditDocumentTest.spec.ts","",""
"","0","Verify Media Links not present after deleting entry","Desktop (uk)","2026-09-29","skipped","2026-09-29","MediaLinks tests","Parametrized/VerifyAndEditMediaLinksTest.spec.ts","",""
"","0","Verify Leadership is present and reflects updates after changes","Desktop (en)","2026-09-29","skipped","2026-09-29","Employee tests","Parametrized/CreateAndEditLeadershipTest.spec.ts","",""
"","440","Verify document page is displayed correctly","Desktop (en)","2026-09-29","skipped","2026-09-29","Document tests","Parametrized/CreateAndEditDocumentTest.spec.ts","",""
"","1328","Verify if Child Article works correctly","Mobile (en)","2026-09-29","failed","2026-09-29","Article tests","Parametrized/CreateAndEditArticleTest.spec.ts","",""
"","217","Verify titles correctness based on tags selected","Desktop (en)","2026-09-29","skipped","2026-09-29","Document tests","Parametrized/CreateAndEditDocumentTest.spec.ts","",""
"","13906","Verify Highlighted news are visible on the page","Mobile (en)","2026-09-29","failed","2026-09-29","News tests","Parametrized/CreateAndEditNewsTest.spec.ts","",""
"","1","Verify if only 3 Explain Articles displayed on Main Page","Desktop (uk)","2026-09-29","failed","2026-09-29","Explain Article tests","Parametrized/CreateAndEditExplainArticleTest.spec.ts","",""
"","0","Verify if Explain Articles page displays all articles","Desktop (uk)","2026-09-29","skipped","2026-09-29","Explain Article tests","Parametrized/CreateAndEditExplainArticleTest.spec.ts","",""
"","0","Verify if Other Articles widget is displayed correctly","Mobile (en)","2026-09-29","skipped","2026-09-29","Explain Article tests","Parametrized/CreateAndEditExplainArticleTest.spec.ts","",""
"","0","Verify user is able to switch between Highlighted news","Desktop (uk)","2026-09-29","skipped","2026-09-29","News tests","Parametrized/CreateAndEditNewsTest.spec.ts","",""
"","13055","Verify Email widget is displayed correctly on Document page","Mobile (uk)","2026-09-29","failed","2026-09-29","Document tests","Parametrized/CreateAndEditDocumentTest.spec.ts","",""
"","1536","Verify all existing and newly created Service`s categories and items are visible on Main page","Mobile (uk)","2026-09-29","failed","2026-09-29","Services tests","Parametrized/CreateAndEditServicesTests.spec.ts","",""
"","412","Verify accordion widget is displayed correctly on Document page","Mobile (en)","2026-09-29","skipped","2026-09-29","Document tests","Parametrized/CreateAndEditDocumentTest.spec.ts","",""
"","430","Verify Email widget is displayed correctly on Document page","Mobile (en)","2026-09-29","skipped","2026-09-29","Document tests","Parametrized/CreateAndEditDocumentTest.spec.ts","",""
"","1335","Verify all existing and newly created Service`s categories and items are visible on Main page","Mobile (en)","2026-09-29","failed","2026-09-29","Services tests","Parametrized/CreateAndEditServicesTests.spec.ts","",""
"","0","Verify tags are created and assigned to News","Desktop (uk)","2026-09-29","skipped","2026-09-29","","Parametrized/CreateAndEditTagTest.spec.ts","",""
"","0","Verify if search results sorted by DESC","Desktop (uk)","2026-09-29","skipped","2026-09-29","Search tests","Parametrized/VerifySearchTest.spec.ts","",""
"","9147","Verify Employees are created and present on appropriate page","Mobile (uk)","2026-09-29","failed","2026-09-29","Employee tests","Parametrized/CreateAndEditLeadershipTest.spec.ts","",""
"","4231","Verify Search bar displayed correctly","Desktop (uk)","2026-09-29","failed","2026-09-29","Search tests","Parametrized/VerifySearchTest.spec.ts","",""
"","1533","Verify search by Title and Description","Desktop (en)","2026-09-29","failed","2026-09-29","Search tests","Parametrized/VerifySearchTest.spec.ts","",""
"","482","Verify document page is displayed correctly","Mobile (en)","2026-09-29","skipped","2026-09-29","Document tests","Parametrized/CreateAndEditDocumentTest.spec.ts","",""
"","747","Verify Media Links are present and reflect updates after changes","Desktop (uk)","2026-09-29","failed","2026-09-29","MediaLinks tests","Parametrized/VerifyAndEditMediaLinksTest.spec.ts","",""
"","13415","Edit Losses data and verify new data is visible on the page","Mobile (uk)","2026-09-29","failed","2026-09-29","Losses tests","Parametrized/VerifyLossesTest.spec.ts","",""
"","0","Verify All news page","Desktop (en)","2026-09-29","skipped","2026-09-29","News tests","Parametrized/CreateAndEditNewsTest.spec.ts","",""
"","198","Verify if documents are sorted by acceptance date","Desktop (en)","2026-09-29","skipped","2026-09-29","Document tests","Parametrized/CreateAndEditDocumentTest.spec.ts","",""
"","1813","Verify if Child Article works correctly","Mobile (uk)","2026-09-29","failed","2026-09-29","Article tests","Parametrized/CreateAndEditArticleTest.spec.ts","",""
"","12917","Verify if Button widget is displayed correctly","Mobile (en)","2026-09-29","failed","2026-09-29","Explain Article tests","Parametrized/CreateAndEditExplainArticleTest.spec.ts","",""
"","1246","Verify all existing and newly created Service`s categories and items are visible on Main page","Desktop (uk)","2026-09-29","failed","2026-09-29","Services tests","Parametrized/CreateAndEditServicesTests.spec.ts","",""
"","646","Verify social media links in Footer and Header","Desktop (uk)","2026-09-29","failed","2026-09-29","Social media tests","Parametrized/VerifySocialMediaTest.spec.ts","",""
"","13323","Verify Losses data is visible on the page","Mobile (en)","2026-09-29","failed","2026-09-29","Losses tests","Parametrized/VerifyLossesTest.spec.ts","",""
"","1843","Verify Losses data is visible on the page","Desktop (uk)","2026-09-29","failed","2026-09-29","Losses tests","Parametrized/VerifyLossesTest.spec.ts","",""
"","13705","Verify Losses -> More Details button configurations","Mobile (uk)","2026-09-29","failed","2026-09-29","Losses tests","Parametrized/VerifyLossesTest.spec.ts","",""
"","1481","Verify Footer items work on the page","Desktop (uk)","2026-09-29","failed","2026-09-29","Footer tests","Parametrized/VerifyFooterTest.spec.ts","",""
"","12726","Verify if Email widget is displayed correctly on Explain Articles Page","Mobile (en)","2026-09-29","failed","2026-09-29","Explain Article tests","Parametrized/CreateAndEditExplainArticleTest.spec.ts","",""
"","0","Verify tags created and assigned to document","Desktop (en)","2026-09-29","skipped","2026-09-29","Document tests","Parametrized/CreateAndEditDocumentTest.spec.ts","",""
"","5606","Verify Highlighted news are visible on the page","Mobile (uk)","2026-09-29","failed","2026-09-29","News tests","Parametrized/CreateAndEditNewsTest.spec.ts","",""
"","3432","Verify if Email widget is displayed correctly on Explain Articles Page","Desktop (en)","2026-09-29","failed","2026-09-29","Explain Article tests","Parametrized/CreateAndEditExplainArticleTest.spec.ts","",""
"","432","Verify Card widget is displayed correctly on Document page","Mobile (en)","2026-09-29","skipped","2026-09-29","Document tests","Parametrized/CreateAndEditDocumentTest.spec.ts","",""
"","672","Verify social media links in Footer and Header","Mobile (en)","2026-09-29","failed","2026-09-29","Social media tests","Parametrized/VerifySocialMediaTest.spec.ts","",""
"","2720","Verify Innovative Project is created and visible on the page","Desktop (en)","2026-09-29","failed","2026-09-29","InnovativeProject tests","Parametrized/CreateAndEditInnovativeProjectTest.spec.ts","",""
"","14440","Verify file can be uploaded","NonParametrized","2026-09-29","passed","2026-09-29","","NonParametrized/UploadFileTest.spec.ts","",""
"","0","Verify titles correctness based on tags selected","Desktop (en)","2026-09-29","skipped","2026-09-29","News tests","Parametrized/CreateAndEditNewsTest.spec.ts","",""
"","422","Verify document search work correctness","Mobile (en)","2026-09-29","skipped","2026-09-29","Document tests","Parametrized/CreateAndEditDocumentTest.spec.ts","",""
"","0","Verify if search results sorted by DESC","Mobile (uk)","2026-09-29","skipped","2026-09-29","Search tests","Parametrized/VerifySearchTest.spec.ts","",""
